{   "_comment": "bpm=beatsperminute, bpb=beatsperbar, base=e.g. C or C# , chordtype = e.g. 7b9, scale=e.g. Dorian, length_in_bars is a float",
    "name" : "1625",
    "bpm" : 90,
    "bpb" : 4,
    "chords":[  {   "base" :            "F",
                    "chordtype" :       "maj7",
                    "scale" :           "Major",
                    "length_in_bars" :  1.0
                },
                {   "base" :            "D",
                    "chordtype" :       "7b9",
                    "scale" :           "HM5",
                    "length_in_bars" :  1.0
                },
                {   "base" :            "G",
                    "chordtype" :       "m7",
                    "scale" :           "Dorian",
                    "length_in_bars" :  1.0
                },
                {   "base" :            "C",
                    "chordtype" :       "7",
                    "scale" :           "Mixolydian",
                    "length_in_bars" :  1.0
                },
            ]}
